Activity ID,Activity Date,Activity Name,Activity Type,Activity Description,Elapsed Time,Distance,Relative Effort,Commute,Activity Gear,Filename
802315717,"Dec 14, 2016, 5:22:14 PM",Morning Run,Run,,2208,8.05,,false,,activities/802315717.gpx
803831217,"Dec 16, 2016, 4:48:25 PM",Morning Run,Run,,2230,7.95,,false,,activities/803831217.gpx
804886559,"Dec 17, 2016, 10:20:49 PM",Afternoon Run,Run,,2102,7.94,,false,,activities/804886559.gpx
805710655,"Dec 18, 2016, 5:43:09 PM",Morning Run,Run,,2169,8.04,,false,,activities/805710655.gpx
807906464,"Dec 21, 2016, 2:41:48 PM",Exploring Glen Summit,Run,"",2750,9.43,,false,,activities/807906464.gpx
808785929,"Dec 22, 2016, 4:36:18 PM",The Circumnavigation of Leisure Village,Run,"",3063,10.44,,false,,activities/808785929.gpx
809412579,"Dec 23, 2016, 1:18:47 PM",First Look at Fountain Lake,Run,"",2493,8.78,,false,,activities/809412579.gpx
810319483,"Dec 24, 2016, 1:39:13 PM",Waiting for my New Shoes,Run,,3059,9.96,,false,,activities/810319483.gpx
811147207,"Dec 25, 2016, 5:00:26 PM",Christmas Run in my New Shoes!,Run,"",3031,10.68,,false,TG3,activities/811147207.gpx
811874439,"Dec 26, 2016, 2:12:15 PM",Back to Fountain Lake,Run,"",3249,10.90,,false,TG3,activities/811874439.gpx
812950322,"Dec 27, 2016, 3:57:07 PM",Circumnavigation of Mountain Top,Run,,4090,14.00,,false,TG3,activities/812950322.gpx
815056791,"Dec 29, 2016, 6:34:15 PM",Snowy Circles!,Run,"",2402,8.29,,false,TG3,activities/815056791.gpx
816236001,"Dec 31, 2016, 12:14:27 AM",The Ol' Ball and Chain,Run,Stroller Run with Ira,1812,5.88,,false,Spyridon,activities/816236001.gpx
817168932,"Dec 31, 2016, 6:08:16 PM",Noon Year's Eve Half Marathon!,Run,"",6735,22.30,,false,Spyridon,activities/817168932.gpx
818087403,"Jan 1, 2017, 9:09:28 PM",Recovery Run,Run,,1891,5.84,,false,TG3,activities/818087403.gpx
821064142,"Jan 4, 2017, 4:32:56 PM",UCSC on a Rainy Morning,Run,"",1644,5.93,,false,Spyridon,activities/821064142.gpx
822159607,"Jan 5, 2017, 4:42:43 PM",Enjoying the Sunshine!,Run,,2188,8.02,,false,TG3,activities/822159607.gpx
823255808,"Jan 6, 2017, 6:08:24 PM",Enjoying Nature Before the Rain,Run,,2296,7.69,,false,Spyridon,activities/823255808.gpx
824294211,"Jan 7, 2017, 4:52:21 PM",Rain Run,Run,,2339,8.37,,false,TG3,activities/824294211.gpx
825568269,"Jan 8, 2017, 5:26:47 PM",Wind Route,Run,,1921,6.33,,false,Spyridon,activities/825568269.gpx
826472321,"Jan 9, 2017, 5:01:38 PM",First Run of the Quarter,Run,,2237,8.00,,false,TG3,activities/826472321.gpx
828629067,"Jan 11, 2017, 4:54:09 PM",Rainbow Run,Run,,2123,7.97,,false,TG3,activities/828629067.gpx
833062880,"Jan 15, 2017, 4:47:29 PM",Morning Run with Lua,Run,,2041,5.90,,false,Spyridon,activities/833062880.gpx
841758821,"Jan 23, 2017, 4:48:21 PM",Morning Run,Run,,1649,5.86,,false,TG3,activities/841758821.gpx
842810907,"Jan 24, 2017, 4:39:18 PM",Morning Run,Run,,1695,5.88,,false,TG3,activities/842810907.gpx
843959088,"Jan 25, 2017, 4:56:18 PM",Morning Run,Run,,1556,5.89,,false,TG3,activities/843959088.gpx
846056640,"Jan 27, 2017, 5:13:50 PM",Morning Run,Run,,1949,6.92,,false,Spyridon,activities/846056640.gpx
847218572,"Jan 28, 2017, 4:05:42 PM",Morning Run with Daniel,Run,,5090,11.79,,false,TG3,activities/847218572.gpx
848514137,"Jan 29, 2017, 4:32:46 PM",Morning Run,Run,,1574,5.86,,false,Spyridon,activities/848514137.gpx
849632202,"Jan 30, 2017, 6:34:40 PM",Morning Run with Ira,Run,,1786,5.94,,false,Spyridon,activities/849632202.gpx
850660465,"Jan 31, 2017, 5:02:58 PM",Morning Run,Run,,3497,10.94,,false,Spyridon,activities/850660465.gpx
852183197,"Feb 1, 2017, 11:02:00 PM",Afternoon Run,Run,"",1896,5.86,,false,Spyridon,activities/852183197.gpx
853933263,"Feb 3, 2017, 5:41:56 PM",Morning Run,Run,"",1923,6.51,,false,Spyridon,activities/853933263.gpx
855329560,"Feb 4, 2017, 9:35:25 PM",Afternoon Run,Run,"",1810,6.45,,false,Spyridon,activities/855329560.gpx
856712803,"Feb 5, 2017, 9:33:54 PM",Afternoon Run,Run,,1604,5.92,,false,TG3,activities/856712803.gpx
857483236,"Feb 6, 2017, 7:03:22 PM",Lunch Run,Run,,1718,5.84,,false,TG3,activities/857483236.gpx
859618850,"Feb 8, 2017, 5:49:00 PM",Morning Run,Run,"",1596,5.88,,false,Spyridon,activities/859618850.gpx
861975892,"Feb 10, 2017, 11:12:22 PM",Afternoon Run,Run,"",2113,7.09,,false,Spyridon,activities/861975892.gpx
863169823,"Feb 11, 2017, 10:42:21 PM",Afternoon Run,Run,"",2758,8.23,,false,Spyridon,activities/863169823.gpx
864168003,"Feb 12, 2017, 5:05:23 PM",Morning Run,Run,"",2290,7.05,,false,Spyridon,activities/864168003.gpx
865575901,"Feb 14, 2017, 12:32:45 AM",Afternoon Run,Run,"",2042,6.83,,false,Spyridon,activities/865575901.gpx
866818326,"Feb 15, 2017, 4:10:50 AM",Evening Run,Run,,1833,6.85,,false,TG3,activities/866818326.gpx
869186648,"Feb 17, 2017, 4:50:00 AM",Evening Run on a Treadmill (Irvine),Run,"",1680,6.43,,false,Spyridon,
870933596,"Feb 18, 2017, 4:10:57 PM",Morning Run,Run,"",1903,6.61,,false,Spyridon,activities/870933596.gpx
873917913,"Feb 20, 2017, 10:06:18 PM",Afternoon Run,Run,"",1872,6.84,,false,Spyridon,activities/873917913.gpx
874701733,"Feb 21, 2017, 4:43:42 PM",Morning Run,Run,"",2021,7.02,,false,Spyridon,activities/874701733.gpx
876124444,"Feb 22, 2017, 7:31:20 PM",Lunch Run,Run,,2711,8.35,,false,TG3,activities/876124444.gpx
877477723,"Feb 24, 2017, 12:50:57 AM",Afternoon Run,Run,"",1687,5.90,,false,Spyridon,activities/877477723.gpx
879704389,"Feb 25, 2017, 10:36:36 PM",Afternoon Run,Run,"",3947,12.79,,false,Spyridon,activities/879704389.gpx
881164181,"Feb 26, 2017, 11:06:56 PM",Afternoon Run,Run,"",3987,11.58,,false,Spyridon,activities/881164181.gpx
881896544,"Feb 27, 2017, 6:49:15 PM",Morning Run,Run,,1711,5.91,,false,TG3,activities/881896544.gpx
883900137,"Mar 1, 2017, 5:45:54 PM",Morning Run,Run,,1582,5.87,,false,TG3,activities/883900137.gpx
885594685,"Mar 2, 2017, 11:27:49 PM",Afternoon Run,Run,,2061,6.82,,false,TG3,activities/885594685.gpx
886599167,"Mar 3, 2017, 11:35:22 PM",Afternoon Run,Run,,2534,8.11,,false,TG3,activities/886599167.gpx
887972853,"Mar 5, 2017, 12:44:11 AM",Afternoon Run,Run,,2459,8.31,,false,TG3,activities/887972853.gpx
889404460,"Mar 5, 2017, 11:18:49 PM",Afternoon Run,Run,,2371,7.94,,false,TG3,activities/889404460.gpx
890418318,"Mar 6, 2017, 11:23:08 PM",Afternoon Run,Run,,2147,6.81,,false,TG3,activities/890418318.gpx
891604900,"Mar 7, 2017, 11:01:13 PM",Afternoon Run,Run,,2340,7.86,,false,TG3,activities/891604900.gpx
892843627,"Mar 9, 2017, 12:09:30 AM",Afternoon Run,Run,,2141,6.87,,false,TG3,activities/892843627.gpx
894062992,"Mar 10, 2017, 12:10:54 AM",Afternoon Run,Run,,1589,5.82,,false,TG3,activities/894062992.gpx
895119873,"Mar 10, 2017, 10:35:53 PM",Afternoon Run,Run,,4299,12.94,,false,TG3,activities/895119873.gpx
898123391,"Mar 12, 2017, 9:35:58 PM",Afternoon Run,Run,,3454,10.73,,false,TG3,activities/898123391.gpx
899160111,"Mar 13, 2017, 9:12:27 PM",Afternoon Run,Run,,1603,5.89,,false,TG3,activities/899160111.gpx
900499683,"Mar 14, 2017, 10:29:43 PM",Afternoon Run,Run,,2494,8.09,,false,TG3,activities/900499683.gpx
901668768,"Mar 15, 2017, 8:37:29 PM",Afternoon Run,Run,,1587,5.85,,false,TG3,activities/901668768.gpx
903077488,"Mar 16, 2017, 10:49:18 PM",Afternoon Run,Run,,2101,6.78,,false,TG3,activities/903077488.gpx
905455148,"Mar 18, 2017, 11:17:46 PM",Afternoon Run,Run,,1968,6.93,,false,TG3,activities/905455148.gpx
907031070,"Mar 19, 2017, 11:31:03 PM",Afternoon Run,Run,,1639,5.92,,false,TG3,activities/907031070.gpx
909350008,"Mar 21, 2017, 8:48:58 PM",Afternoon Run,Run,,2321,8.18,,false,TG3,activities/909350008.gpx
912923251,"Mar 24, 2017, 9:08:27 PM",Afternoon Run,Run,,2253,8.38,,false,TG3,activities/912923251.gpx
914456774,"Mar 25, 2017, 9:42:42 PM",Afternoon Run,Run,,3484,10.83,,false,TG3,activities/914456774.gpx
916070498,"Mar 26, 2017, 9:45:28 PM",Afternoon Run,Run,,2371,8.05,,false,TG3,activities/916070498.gpx
916858542,"Mar 27, 2017, 4:29:18 PM",Morning Run,Run,,2757,9.19,,false,TG3,activities/916858542.gpx
920026467,"Mar 29, 2017, 10:00:51 PM",Afternoon Run,Run,,1851,6.59,,false,TG3,activities/920026467.gpx
921401668,"Mar 30, 2017, 10:35:08 PM",Afternoon Run,Run,,1846,6.74,,false,TG3,activities/921401668.gpx
922484973,"Mar 31, 2017, 9:19:10 PM",Afternoon Run,Run,"",1895,6.51,,false,Spyridon,activities/922484973.gpx
923980586,"Apr 1, 2017, 10:09:45 PM",Afternoon Run,Run,,3178,10.41,,false,TG3,activities/923980586.gpx
926677919,"Apr 3, 2017, 5:26:27 PM",Morning Run,Run,,2123,6.80,,false,TG3,activities/926677919.gpx
928393758,"Apr 4, 2017, 9:31:07 PM",Afternoon Run,Run,,1808,6.53,,false,TG3,activities/928393758.gpx
931062758,"Apr 5, 2017, 8:12:10 PM",Afternoon Run,Run,,1765,6.30,,false,TG3,activities/931062758.gpx
931086748,"Apr 6, 2017, 9:32:14 PM",Afternoon Run,Run,,1754,6.72,,false,TG3,activities/931086748.gpx
932423781,"Apr 8, 2017, 3:15:32 AM",Evening Run,Run,,1648,5.92,,false,TG3,activities/932423781.gpx
933954333,"Apr 9, 2017, 3:33:31 AM",Evening Run,Run,,1809,6.77,,false,TG3,activities/933954333.gpx
935775592,"Apr 10, 2017, 3:11:05 AM",Evening Run,Run,,1864,6.93,,false,TG3,activities/935775592.gpx
938556336,"Apr 12, 2017, 2:48:10 AM",Evening Run,Run,,3537,12.05,,false,TG3,activities/938556336.gpx
939668346,"Apr 12, 2017, 10:14:05 PM",Afternoon Run,Run,,1904,5.88,,false,TG3,activities/939668346.gpx
941199227,"Apr 14, 2017, 3:38:32 AM",Evening Run,Run,,3419,11.90,,false,TG3,activities/941199227.gpx
944148449,"Apr 16, 2017, 3:16:24 AM",Evening Run,Run,,4586,16.36,,false,TG3,activities/944148449.gpx
948444691,"Apr 19, 2017, 3:34:25 AM",Evening Run,Run,,3438,12.73,,false,TG3,activities/948444691.gpx
951145610,"Apr 21, 2017, 3:44:38 AM",Evening Run,Run,,4051,13.44,,false,TG3,activities/951145610.gpx
953880097,"Apr 23, 2017, 3:44:01 AM",Evening Run,Run,,5313,18.08,,false,TG3,activities/953880097.gpx
957004344,"Apr 25, 2017, 3:31:47 AM",Evening Run,Run,,3716,13.23,,false,TG3,activities/957004344.gpx
960825635,"Apr 27, 2017, 10:51:20 PM",One-on-one with Angela,Run,"",2870,4.49,,false,TG3,activities/960825635.gpx
961009261,"Apr 28, 2017, 4:05:39 AM",Night Run,Run,,3092,10.90,,false,TG3,activities/961009261.gpx
965472185,"May 1, 2017, 4:39:01 AM",Night Run,Run,,3792,13.42,,false,TG3,activities/965472185.gpx
968598287,"May 3, 2017, 4:02:34 AM",Night Run,Run,,5730,20.12,,false,TG3,activities/968598287.gpx
971571884,"May 5, 2017, 4:18:35 AM",Night Run,Run,,3855,13.47,,false,TG3,activities/971571884.gpx
974372544,"May 7, 2017, 3:33:16 AM",Evening Run,Run,,4664,16.66,,false,TG3,activities/974372544.gpx
979236937,"May 10, 2017, 4:36:02 AM",Night Run,Run,,3659,13.44,,false,TG3,activities/979236937.gpx
984262841,"May 13, 2017, 1:03:38 PM",Yosemite Half Marathon,Run,"",5619,21.18,,false,TG3,activities/984262841.gpx
996237734,"May 20, 2017, 3:33:22 AM",Evening Run,Run,"",3999,13.41,,false,Spyridon,activities/996237734.gpx
999804982,"May 22, 2017, 3:54:13 AM",Evening Run,Run,,5181,16.29,,false,Spyridon,activities/999804982.gpx
1002890045,"May 24, 2017, 3:47:08 AM",Evening Run,Run,,3854,13.04,,false,Spyridon,activities/1002890045.gpx
1005997901,"May 26, 2017, 3:56:39 AM",Evening Run,Run,,3961,10.40,,false,Spyridon,activities/1005997901.gpx
1008769935,"May 27, 2017, 9:33:30 PM",Afternoon Run,Run,,5111,16.33,,false,Spyridon,activities/1008769935.gpx
1013836098,"May 31, 2017, 3:46:55 AM",Evening Run,Run,,4688,13.07,,false,Spyridon,activities/1013836098.gpx
1017016722,"Jun 2, 2017, 3:33:24 AM",Evening Run,Run,,3889,14.05,,false,Spyridon,activities/1017016722.gpx
1020006080,"Jun 4, 2017, 2:35:23 AM",Evening Run,Run,,4878,17.38,,false,Spyridon,activities/1020006080.gpx
1024704940,"Jun 7, 2017, 3:38:13 AM",Evening Run,Run,,3855,13.62,,false,Spyridon,activities/1024704940.gpx
1068164406,"Jul 5, 2017, 1:23:15 AM",Night Run,Run,"",1979,6.30,,false,TG3,activities/1068164406.gpx
1071323633,"Jul 7, 2017, 1:03:46 AM",Night Run,Run,"",1972,6.65,,false,TG3,activities/1071323633.gpx
1074298968,"Jul 9, 2017, 12:19:04 AM",Evening Run,Run,"",3341,10.75,,false,TG3,activities/1074298968.gpx
1079228482,"Jul 12, 2017, 12:55:39 AM",Evening Run,Run,,3111,10.70,,false,Spyridon,activities/1079228482.gpx
1082349873,"Jul 14, 2017, 1:02:50 AM",Night Run,Run,"",875,2.94,,false,TG3,activities/1082349873.gpx
1082385655,"Jul 14, 2017, 1:18:38 AM",Treadmill run to dodge the storm,Run,"",2794,9.97,,false,TG3,
1085386866,"Jul 16, 2017, 12:17:48 AM",Evening Run,Run,,6014,19.27,,false,TG3,activities/1085386866.gpx
1092141975,"Jul 19, 2017, 11:15:20 PM",Evening Run,Run,"",4010,12.90,,false,TG3-2,activities/1092141975.gpx
1096071951,"Jul 22, 2017, 1:39:28 PM",Morning Run,Run,,6001,18.56,,false,TG3-2,activities/1096071951.gpx
1098607213,"Jul 23, 2017, 10:56:00 PM",Evening Run,Run,,5825,11.91,,false,TG3-2,activities/1098607213.gpx
1101679228,"Jul 25, 2017, 10:54:46 PM",Evening Run,Run,,5265,17.14,,false,TG3-2,activities/1101679228.gpx
1104949126,"Jul 28, 2017, 12:58:05 AM",Evening Run,Run,,4250,14.08,,false,TG3-2,activities/1104949126.gpx
1107656086,"Jul 29, 2017, 6:42:04 PM",Afternoon Run,Run,,4512,14.51,,false,TG3-2,activities/1107656086.gpx
1113054961,"Aug 1, 2017, 11:33:51 PM",Evening Run,Run,,4442,14.64,,false,TG3-2,activities/1113054961.gpx
1116261594,"Aug 4, 2017, 12:40:06 AM",Evening Run,Run,,4013,14.06,,false,TG3-2,activities/1116261594.gpx
1140492481,"Aug 19, 2017, 1:14:10 AM",Night Run,Run,,3675,11.51,,false,TG3-2,activities/1140492481.gpx
1144085497,"Aug 21, 2017, 1:15:26 AM",Night Run,Run,,3437,11.41,,false,TG3-2,activities/1144085497.gpx
1149040719,"Aug 24, 2017, 12:58:31 AM",Evening Run,Run,,4471,14.33,,false,TG3-2,activities/1149040719.gpx
1153973485,"Aug 27, 2017, 1:45:50 AM",Night Run,Run,,4202,12.82,,false,TG3-2,activities/1153973485.gpx
1159050679,"Aug 29, 2017, 10:49:17 PM",Evening Run,Run,,6583,21.19,,false,TG3-2,activities/1159050679.gpx
1162242067,"Aug 31, 2017, 11:29:00 PM",Evening Run,Run,,4130,13.53,,false,TG3-2,activities/1162242067.gpx
1165345123,"Sep 3, 2017, 12:57:00 AM",Evening Run,Run,,3820,12.97,,false,TG3-2,activities/1165345123.gpx
1170378952,"Sep 5, 2017, 11:37:52 PM",Evening Run,Run,,3870,13.05,,false,TG3-2,activities/1170378952.gpx
1173547073,"Sep 8, 2017, 1:03:33 AM",Night Run,Run,,3735,13.00,,false,TG3-2,activities/1173547073.gpx
1176535396,"Sep 10, 2017, 12:57:45 AM",Evening Run,Run,,4858,17.33,,false,TG3-2,activities/1176535396.gpx
1184413613,"Sep 14, 2017, 11:44:19 PM",Evening Run,Run,,3739,13.14,,false,TG3-2,activities/1184413613.gpx
1189396140,"Sep 18, 2017, 1:20:13 AM",Evening Run,Run,,3674,12.06,,false,TG3-2,activities/1189396140.gpx
1192447110,"Sep 20, 2017, 3:04:21 AM",Evening Run,Run,,3947,13.81,,false,TG3-2,activities/1192447110.gpx
1195049807,"Sep 21, 2017, 6:19:16 PM",Lunch Run,Run,,3681,11.41,,false,TG3-2,activities/1195049807.gpx
1200322518,"Sep 24, 2017, 8:05:36 PM",Afternoon Run,Run,,7241,21.51,,false,TG3-2,activities/1200322518.gpx
1203659386,"Sep 27, 2017, 3:44:21 AM",Evening Run,Run,,4771,14.22,,false,TG3-2,activities/1203659386.gpx
1206191962,"Sep 28, 2017, 5:54:05 PM",Morning Run,Run,,3884,11.66,,false,TG3-2,activities/1206191962.gpx
1209382521,"Sep 30, 2017, 9:11:13 PM",Afternoon Run,Run,,6296,18.02,,false,TG3-2,activities/1209382521.gpx
1212574398,"Oct 2, 2017, 10:59:04 PM",Afternoon Run,Run,,4288,15.32,,false,TG3-2,activities/1212574398.gpx
1216730740,"Oct 5, 2017, 5:36:08 PM",Morning Run,Run,,4154,13.61,,false,TG3-2,activities/1216730740.gpx
1221947849,"Oct 9, 2017, 3:15:25 AM",Evening Run,Run,,7140,21.42,,false,TG3-2,activities/1221947849.gpx
1225445372,"Oct 11, 2017, 2:39:32 PM",Morning Run,Run,,3426,11.07,,false,TG3-2,activities/1225445372.gpx
1230404247,"Oct 14, 2017, 7:51:50 PM",Lunch Run,Run,,6692,20.11,,false,TG3-2,activities/1230404247.gpx
1234635458,"Oct 17, 2017, 2:47:49 PM",Morning Run,Run,,4050,12.91,,false,TG3-2,activities/1234635458.gpx
1245138592,"Oct 24, 2017, 5:37:20 PM",Morning Run,Run,,3408,10.30,,false,TG3-2,activities/1245138592.gpx
1253635297,"Oct 30, 2017, 4:04:19 PM",Morning Run,Run,,1754,5.86,,false,TG3-2,activities/1253635297.gpx
1256753775,"Nov 1, 2017, 5:16:59 PM",Afternoon Run,Run,,2369,8.31,,false,TG3-2,activities/1256753775.gpx
1258064792,"Nov 2, 2017, 3:56:54 PM",Lunch Run,Run,,2444,8.12,,false,TG3-2,activities/1258064792.gpx
1259807564,"Nov 3, 2017, 8:57:14 PM",Afternoon Run,Run,,2753,9.26,,false,TG3-2,activities/1259807564.gpx
1261161730,"Nov 4, 2017, 5:43:16 PM",Afternoon Run,Run,,2450,8.07,,false,TG3-2,activities/1261161730.gpx
1265228600,"Nov 7, 2017, 1:59:41 PM",Morning Run,Run,,3205,10.79,,false,TG3-2,activities/1265228600.gpx
1267204290,"Nov 8, 2017, 9:12:29 PM",Afternoon Run,Run,,2600,8.75,,false,TG3-2,activities/1267204290.gpx
1268537523,"Nov 9, 2017, 9:09:23 PM",Afternoon Run,Run,,2589,8.71,,false,TG3-2,activities/1268537523.gpx
1286668108,"Nov 23, 2017, 12:34:36 AM",Afternoon Run,Run,"",1637,5.80,,false,TG3-3,activities/1286668108.gpx
1288147431,"Nov 24, 2017, 4:33:15 AM",Evening Run,Run,"",3364,10.93,,false,TG3-3,activities/1288147431.gpx
1290730615,"Nov 26, 2017, 4:13:16 AM",Evening Run,Run,"",3022,9.57,,false,TG3-3,activities/1290730615.gpx
1294444089,"Nov 28, 2017, 6:53:38 PM",Morning Run,Run,"",724,2.62,,false,TG3-3,activities/1294444089.gpx
1297035946,"Nov 30, 2017, 7:02:19 PM",Lunch Run,Run,,4352,14.61,,false,TG3-3,activities/1297035946.gpx
1299888750,"Dec 3, 2017, 5:00:14 AM",Night Run,Run,,6934,21.91,,false,TG3-3,activities/1299888750.gpx
1303952944,"Dec 6, 2017, 5:07:24 AM",Night Run,Run,,4199,13.73,,false,TG3-2,activities/1303952944.gpx
1307431541,"Dec 9, 2017, 4:05:35 AM",Evening Run,Run,,4041,14.05,,false,TG3-3,activities/1307431541.gpx
1309698873,"Dec 10, 2017, 5:52:53 PM",Morning Run,Run,,6509,21.42,,false,TG3-3,activities/1309698873.gpx
1309836108,"Nov 28, 2017, 7:05:44 PM",Morning Run,Run,,2521,8.10,,false,TG3-3,activities/1309836108.gpx
1309836129,"Nov 28, 2017, 7:47:45 PM",Morning Run,Run,,735,2.38,,false,TG3-3,activities/1309836129.gpx
1312249650,"Dec 13, 2017, 3:46:35 AM",Evening Run,Run,,4186,13.90,,false,TG3-3,activities/1312249650.gpx
1314458027,"Dec 15, 2017, 4:43:52 AM",Evening Run,Run,,4338,13.56,,false,TG3-3,activities/1314458027.gpx
1317905719,"Dec 17, 2017, 8:40:26 PM",Lunch Run,Run,,6944,21.32,,false,TG3-3,activities/1317905719.gpx
1320174234,"Dec 19, 2017, 9:42:03 PM",Afternoon Run,Run,,4460,13.53,,false,TG3-3,activities/1320174234.gpx
1322427580,"Dec 21, 2017, 9:14:44 PM",Afternoon Run,Run,,4219,14.10,,false,TG3-3,activities/1322427580.gpx
1329931249,"Dec 28, 2017, 4:18:06 AM",Evening Run,Run,,3814,13.80,,false,TG3-3,activities/1329931249.gpx
1332122837,"Dec 29, 2017, 6:50:43 PM",Morning Run,Run,,4242,13.41,,false,TG3-3,activities/1332122837.gpx
1335345980,"Dec 31, 2017, 9:41:11 PM",Afternoon Run,Run,,6852,21.12,,false,TG3-3,activities/1335345980.gpx
1338401295,"Jan 3, 2018, 4:39:26 AM",Evening Run,Run,,3675,13.63,,false,TG3-3,activities/1338401295.gpx
1342849263,"Jan 6, 2018, 4:43:22 AM",You gotta be foggin kidding me,Run,,3912,13.83,,false,TG3-3,activities/1342849263.gpx
1344377835,"Jan 6, 2018, 9:47:18 PM",A walk on the Wilder side,Run,"",7207,21.35,,false,TG3-3,activities/1344377835.gpx
1349572667,"Jan 10, 2018, 4:42:31 AM",Taco Tuesday!,Run,"",3794,14.07,,false,TG3-3,activities/1349572667.gpx
1352097702,"Jan 11, 2018, 5:52:15 PM",How are my simulations and I alike? We're both running.,Run,"",3934,12.98,,false,TG3-3,activities/1352097702.gpx
1355730040,"Jan 13, 2018, 9:19:07 PM",Pogonip? More like Pogo-zip!,Run,"",6937,21.57,,false,TG3-3,activities/1355730040.gpx
1362635962,"Jan 18, 2018, 4:43:32 AM",I've spent too much time sitting down this week.,Run,"",3851,13.87,,false,TG3-3,activities/1362635962.gpx
1365513756,"Jan 20, 2018, 4:33:24 AM","Wow, that was a cold one.",Run,"",3939,14.04,,false,TG3-3,activities/1365513756.gpx
1370437878,"Jan 22, 2018, 9:05:29 PM",This run was brought to you by Doughnuts: Taste the Torus.,Run,"",6671,22.01,,false,TG3-3,activities/1370437878.gpx
1375613524,"Jan 26, 2018, 3:56:48 AM",Will you Morro me?,Run,,3291,11.53,,false,TG3-3,activities/1375613524.gpx
1382306537,"Jan 30, 2018, 3:44:40 AM",Miramar is the worst.,Run,"",4099,13.66,,false,TG3-3,activities/1382306537.gpx
1397090862,"Feb 8, 2018, 4:27:27 AM",First post-advancement run! Feels like my pre-advancement runs...,Run,"",5042,15.90,,false,TG3-3,activities/1397090862.gpx
1399845517,"Feb 9, 2018, 11:50:56 PM",Friday afternoon treat run. Lucky to live here.,Run,"",4125,13.37,,false,TG3-3,activities/1399845517.gpx
1403426669,"Feb 11, 2018, 9:29:32 PM",Won't you be my neighbor?,Run,"",7454,22.84,,false,TG3-3,activities/1403426669.gpx
1408156114,"Feb 15, 2018, 4:27:21 AM",Valentine's Day Run,Run,"",4047,13.82,,false,TG3-3,activities/1408156114.gpx
1409736472,"Feb 16, 2018, 4:53:32 AM",Probably should stop pre-gaming my runs with hot dogs and pizza,Run,"",4051,13.36,,false,TG3-3,activities/1409736472.gpx
1412816312,"Feb 17, 2018, 9:52:11 PM",Pre-gaming Twisted Tasting,Run,"",8144,24.51,,false,TG3-3,activities/1412816312.gpx
1418248660,"Feb 21, 2018, 3:33:50 AM",Had to break out the long sleeves for this one.,Run,"",4038,13.63,,false,TG3-3,activities/1418248660.gpx
1424601286,"Feb 25, 2018, 4:09:20 AM",Lua rode a rollercoaster today,Run,"",4094,13.89,,false,TG3-3,activities/1424601286.gpx
1434758192,"Mar 3, 2018, 9:24:55 PM",Nothing like running in the rain,Run,"",4090,13.19,,false,Xero Prio,activities/1434758192.gpx
1437046544,"Mar 5, 2018, 4:27:15 AM",Dropping off the rent check,Run,"",1766,5.86,,false,Xero Prio,activities/1437046544.gpx
1438030624,"Mar 5, 2018, 7:54:56 PM",I want to run! But there's no time! But I want to run! But there's no time!,Run,"",1637,5.13,,false,Xero Prio,activities/1438030624.gpx
1440199984,"Mar 7, 2018, 4:22:59 AM",Finally not freezing!,Run,"",3995,12.96,,false,Xero Prio,activities/1440199984.gpx
1448458831,"Mar 11, 2018, 7:32:05 PM",Trapped by a river and damaged trails,Run,"",7189,16.49,,false,Xero Prio,activities/1448458831.gpx
1449416141,"Mar 12, 2018, 3:50:13 PM",Trying to squeeze a run in before the rain,Run,"",1842,5.69,,false,Xero Prio,activities/1449416141.gpx
1449670307,"Mar 12, 2018, 6:14:44 PM",I can still see the sun!,Run,"",3007,9.69,,false,Xero Prio,activities/1449670307.gpx
1456794638,"Mar 17, 2018, 3:47:06 AM",Surprise rain,Run,"",4171,13.99,,false,Xero Prio,activities/1456794638.gpx
1460168490,"Mar 18, 2018, 8:27:58 PM",Mud,Run,"",6889,19.49,,false,Xero Prio,activities/1460168490.gpx
1481860827,"Mar 31, 2018, 4:19:15 AM",Campus Tour,Run,"",4417,13.20,,false,Xero Prio,activities/1481860827.gpx
1486528963,"Apr 3, 2018, 3:26:41 AM",Quick run and then back to work,Run,"",1527,5.82,,false,Xero Prio,activities/1486528963.gpx
1490142505,"Apr 5, 2018, 3:53:43 AM",Mission Sub 7,Run,"",1456,5.77,,false,Xero Prio,activities/1490142505.gpx
1493077979,"Apr 6, 2018, 6:22:24 PM",Rain Run,Run,"",1566,5.77,,false,Xero Prio,activities/1493077979.gpx
1523591922,"Apr 22, 2018, 2:35:39 AM","""Jogging"" or ""Yogging"", I'm not sure if there's a soft ""J""",Run,"",2196,7.63,,false,Xero Prio,activities/1523591922.gpx
1528072220,"Apr 24, 2018, 2:38:51 AM",Merry-go-round,Run,"",3778,13.17,,false,Xero Prio,activities/1528072220.gpx
1533138316,"Apr 26, 2018, 3:32:54 PM",Capistrolla,Run,"",4175,13.33,,false,Xero Prio,activities/1533138316.gpx
1535657256,"Apr 28, 2018, 12:23:11 AM",Afternoon Run,Run,,1577,5.33,,false,Xero Prio,activities/1535657256.gpx
1540279866,"Apr 30, 2018, 4:24:56 AM",A great end to a weekend of cake,Run,"",3897,12.94,,false,Xero Prio,activities/1540279866.gpx
1543222632,"May 1, 2018, 2:58:54 PM",Quick run before lab,Run,"",1611,5.76,,false,Xero Prio,activities/1543222632.gpx
1545333385,"May 2, 2018, 3:26:44 PM",A trot by the ocean on a cloudy morning,Run,"",4103,12.93,,false,Xero Prio,activities/1545333385.gpx
1547287838,"May 3, 2018, 3:15:26 PM",Squeezing another run in before the weekend,Run,"",4144,13.42,,false,Xero Prio,activities/1547287838.gpx
1560327869,"May 9, 2018, 3:27:57 PM",Morning Run,Run,,4326,13.55,,false,Xero Prio,activities/1560327869.gpx
1562756993,"May 10, 2018, 5:12:08 PM",Morning Run,Run,,4243,13.11,,false,Xero Prio,activities/1562756993.gpx
1570628932,"May 13, 2018, 10:12:01 PM",I need to stop picking up the trail by Dimeo Lane,Run,"",7520,21.23,,false,Xero Prio,activities/1570628932.gpx
1575010723,"May 16, 2018, 2:06:22 AM",Sunset run,Run,"",4117,12.91,,false,Xero Prio,activities/1575010723.gpx
1578384637,"May 17, 2018, 5:15:52 PM",Cool morning jog,Run,"",4112,13.09,,false,Xero Prio,activities/1578384637.gpx
1583208819,"May 20, 2018, 3:57:52 AM",I ate too many baked dates wrapped in bacon,Run,"",4168,12.95,,false,Xero Prio,activities/1583208819.gpx
1587958785,"May 22, 2018, 3:28:14 AM",Evening Run,Run,,4227,13.25,,false,Xero Prio,activities/1587958785.gpx
1593661834,"May 24, 2018, 5:51:29 PM",Going to miss these hills over the summer,Run,"",4320,13.38,,false,Xero Prio,activities/1593661834.gpx
1610363496,"Jun 1, 2018, 4:20:11 PM",Morning Run,Run,,4263,13.27,,false,Xero Prio,activities/1610363496.gpx
1615910427,"Jun 3, 2018, 11:04:10 PM",Time for some new shoes,Run,"",7335,21.16,,false,Xero Prio,activities/1615910427.gpx
1632790950,"Jun 11, 2018, 11:19:44 PM",A quick run after three long days of driving,Run,,3086,9.45,,false,Xero Prio,activities/1632790950.gpx
1636629010,"Jun 13, 2018, 5:41:39 PM","Mountain Top, I <3 U",Run,,5556,15.94,,false,Xero Prio,activities/1636629010.gpx
1655798216,"Jun 23, 2018, 1:16:50 AM",First run back in Columbus!,Run,"",4504,14.78,,false,Xero Prio,activities/1655798216.gpx
1659901137,"Jun 24, 2018, 4:24:45 PM",Out to the Aquatic Center and back,Run,"",7402,21.67,,false,Xero Prio,activities/1659901137.gpx
1664654793,"Jun 27, 2018, 12:14:51 AM",Finally found a safe way onto main street!,Run,"",4075,13.67,,false,Xero Prio,activities/1664654793.gpx
1668817952,"Jun 29, 2018, 12:23:52 AM",Finding my stride again,Run,"",4073,13.74,,false,Xero Prio,activities/1668817952.gpx
1675291347,"Jul 2, 2018, 12:23:01 AM","After the thunderstorm, it was so humid that the first five miles felt like swimming laps in an indoor pool",Run,"",6556,21.16,,false,Xero Prio,activities/1675291347.gpx
1681720534,"Jul 5, 2018, 12:29:10 AM","Red, white, and blue run",Run,"",4231,13.04,,false,Xero Prio,activities/1681720534.gpx
1686481330,"Jul 7, 2018, 11:35:34 AM","With the kids in PA, I get a pleasant morning run!",Run,"",4312,14.17,,false,TG4,activities/1686481330.gpx
1689954697,"Jul 8, 2018, 6:02:22 PM",Over 20 for the weekend!,Run,"",6946,21.30,,false,TG4,activities/1689954697.gpx
1696721363,"Jul 12, 2018, 12:34:13 AM",Eating Five Guys and then running. Not my best idea.,Run,"",4234,13.76,,false,TG4,activities/1696721363.gpx
1700790162,"Jul 14, 2018, 12:53:56 AM",So glad I waited for it to cool off today,Run,"",3823,13.70,,false,TG4,activities/1700790162.gpx
1705541307,"Jul 15, 2018, 11:23:47 PM",Stopped by the Thai place where I left my credit card last week. In the middle of my run. Like a psychopath.,Run,"",7091,22.25,,false,TG4,activities/1705541307.gpx
1712207515,"Jul 19, 2018, 12:57:39 AM",I run so I can eat more,Run,,4125,13.95,,false,TG4,activities/1712207515.gpx
1716328267,"Jul 21, 2018, 1:01:50 AM",Thunderstorms are keeping me inside,Run,Treadmill,3600,12.87,,false,TG4,
1725899878,"Jul 25, 2018, 12:18:08 AM",A run of exploration!,Run,,4392,13.96,,false,TG4,activities/1725899878.gpx
1732062703,"Jul 27, 2018, 9:53:24 PM",First time on the Olentangy Trail!,Run,,4688,14.28,,false,TG4,activities/1732062703.gpx
1733663276,"Jul 28, 2018, 2:24:12 PM",Lovely Saturday morning run,Run,,7604,21.25,,false,TG4,activities/1733663276.gpx
1779250927,"Aug 17, 2018, 10:13:09 PM",Small run to test the ankle,Run,,4154,13.85,,false,TG4,activities/1779250927.gpx
1788765475,"Aug 22, 2018, 12:01:47 AM",Still resting the ankle,Ride,,2558,14.43,,false,,activities/1788765475.gpx
1791086906,"Aug 23, 2018, 12:11:41 AM",A very small test,Run,,1488,5.14,,false,TG4,activities/1791086906.gpx
1808852629,"Aug 31, 2018, 12:48:41 AM",Evening Run,Run,,4678,12.90,,false,TG4,activities/1808852629.gpx
1868221237,"Sep 27, 2018, 3:45:22 AM","What up, SC?!",Run,,2593,8.40,,false,Spyridon,activities/1868221237.gpx
1873355198,"Sep 29, 2018, 3:16:34 PM",Morning Run,Run,,2504,8.09,,false,Spyridon,activities/1873355198.gpx
1877918473,"Oct 1, 2018, 4:44:27 PM",Morning Run,Run,,3562,10.53,,false,Spyridon,activities/1877918473.gpx
1885743313,"Oct 5, 2018, 3:02:41 PM",Morning Run,Run,,1720,5.91,,false,TG4,activities/1885743313.gpx
1887819877,"Oct 6, 2018, 2:38:02 PM",Morning Run,Run,,1666,5.82,,false,TG4,activities/1887819877.gpx
1890914384,"Oct 7, 2018, 8:18:11 PM",Afternoon Run,Run,,1710,5.88,,false,TG4,activities/1890914384.gpx
1900162447,"Oct 12, 2018, 3:06:12 PM",Morning Activity,Virtual Ride,"",1767,8.69,,false,,
1905711903,"Oct 15, 2018, 3:55:27 AM",Evening Ride,Ride,,2382,13.84,,false,,
1913304935,"Oct 18, 2018, 10:00:10 PM",That hill though...,Run,,1658,4.57,,false,TG4,activities/1913304935.gpx
1915063656,"Oct 19, 2018, 10:02:08 PM",Afternoon Activity,E-Bike Ride,,1860,9.33,,false,,
1919627830,"Oct 21, 2018, 7:16:31 PM",Lunch Run,Run,,3338,10.36,,false,TG4,activities/1919627830.gpx
1925851901,"Oct 24, 2018, 5:44:56 PM",Morning Activity,E-Bike Ride,,1800,10.62,,false,,
1927708250,"Oct 26, 2018, 3:13:17 AM",Evening Ride,E-Bike Ride,"",3600,18.83,,false,,
1986484940,"Nov 26, 2018, 8:05:20 PM",Trying to Recover,Run,,947,3.00,,false,TG4,activities/1986484940.gpx
1990479075,"Nov 29, 2018, 3:59:12 AM",Physical Therapy Run 1,Run,"",2014,4.44,,false,Dyad,activities/1990479075.gpx
1993410952,"Nov 30, 2018, 11:25:09 PM",Physical Therapy Run 2,Run,"",1791,4.63,,false,Dyad,activities/1993410952.gpx
2002445743,"Dec 5, 2018, 11:53:42 PM",Physical Therapy Run 3,Run,"",1557,4.69,,false,Dyad,activities/2002445743.gpx
2005574710,"Dec 8, 2018, 12:38:17 AM",Physical Therapy Run 4,Run,"",1444,4.09,,false,Dyad,activities/2005574710.gpx
2011102385,"Dec 11, 2018, 4:10:23 AM",Physical Therapy Run 5,Run,"",1582,4.41,,false,Dyad,activities/2011102385.gpx
2014627876,"Dec 13, 2018, 4:33:12 AM",Physical Therapy Run 6,Run,"",1548,4.60,,false,Dyad,activities/2014627876.gpx
2017534151,"Dec 15, 2018, 4:26:20 AM",Physical Therapy Run 7,Run,"",1468,4.62,,false,Dyad,activities/2017534151.gpx
2028774235,"Dec 22, 2018, 12:11:55 AM",Physical Therapy Run 8,Run,,2022,4.95,,false,Dyad,activities/2028774235.gpx
2033981161,"Dec 24, 2018, 9:58:25 PM",Physical Therapy Run 9,Run,,1842,4.85,,false,Dyad,activities/2033981161.gpx
2037542302,"Dec 27, 2018, 4:14:58 AM",Physical Therapy Run 10,Run,"",1572,4.86,,false,Dyad,activities/2037542302.gpx
2041250620,"Dec 29, 2018, 3:28:05 AM",Physical Therapy Run 11,Run,"Yeah, this was an indoor track. ",1553,4.50,,false,Dyad,activities/2041250620.gpx
2045225451,"Dec 30, 2018, 8:28:15 PM",Physical Therapy Run 12,Run,,1914,5.92,,false,Dyad,activities/2045225451.gpx
2051307463,"Jan 2, 2019, 8:15:45 PM",Physical Therapy Run 13,Run,,1677,5.44,,false,Dyad,activities/2051307463.gpx
2055816583,"Jan 4, 2019, 9:52:11 PM",Physical Therapy Run 14,Run,,2113,6.50,,false,Dyad,activities/2055816583.gpx
2063226487,"Jan 7, 2019, 11:52:10 PM",Physical Therapy Run 15,Run,"",2657,6.62,,false,Dyad,activities/2063226487.gpx
2066969536,"Jan 9, 2019, 5:10:17 PM",Physical Therapy Run 16,Run,"",1793,5.75,,false,Dyad,activities/2066969536.gpx
2071279859,"Jan 11, 2019, 4:19:09 PM",Physical Therapy Run 17,Run,,1851,5.09,,false,Dyad,activities/2071279859.gpx
2079177179,"Jan 14, 2019, 11:08:00 PM",Physical Therapy Run 18,Run,,1868,6.12,,false,Dyad,activities/2079177179.gpx
2085921453,"Jan 17, 2019, 11:08:51 PM",Physical Therapy Run 19,Run,"",1878,6.58,,false,Dyad,activities/2085921453.gpx
2090149486,"Jan 19, 2019, 9:30:48 PM",Physical Therapy Run 20,Run,,2597,7.33,,false,Dyad,activities/2090149486.gpx
2095208854,"Jan 22, 2019, 4:20:55 AM",Physical Therapy Run 21,Run,,1875,6.57,,false,Dyad,activities/2095208854.gpx
2098483503,"Jan 23, 2019, 5:07:41 PM",Physical Therapy Run 22,Run,,2003,6.49,,false,Dyad,activities/2098483503.gpx
2113965675,"Jan 28, 2019, 6:31:15 PM",Morning Run,Run,,2535,7.97,73,false,Dyad,activities/2113965675.gpx
2113965754,"Jan 30, 2019, 7:38:32 PM",Lunch Run,Run,,1997,6.40,54,false,Dyad,activities/2113965754.gpx
2117445175,"Feb 1, 2019, 4:31:24 PM",Morning Run with Daniel ,Run,"",2196,5.77,51,false,Dyad,activities/2117445175.gpx
2123026233,"Feb 4, 2019, 4:13:45 AM",Evening Run,Run,,2433,7.91,71,false,Dyad,activities/2123026233.gpx
2127298902,"Feb 6, 2019, 3:00:34 AM",Evening Run,Run,,3088,8.99,106,false,Dyad,activities/2127298902.gpx
2131617119,"Feb 8, 2019, 4:32:09 AM",Evening Run,Run,,2317,7.93,91,false,Dyad,activities/2131617119.gpx
2135662947,"Feb 10, 2019, 12:57:54 AM",Afternoon Run,Run,,2315,8.12,89,false,Dyad,activities/2135662947.gpx
2141698305,"Feb 12, 2019, 6:09:22 PM",Morning Run,Run,,2555,8.55,74,false,Dyad,activities/2141698305.gpx
2149677319,"Feb 14, 2019, 11:12:34 PM",Afternoon Run,Run,,2328,8.05,83,false,Dyad,activities/2149677319.gpx
2159181807,"Feb 19, 2019, 12:36:04 AM",Afternoon Run,Run,,2632,8.50,21,false,Dyad,activities/2159181807.gpx
2164041685,"Feb 21, 2019, 4:22:10 AM",Evening Run,Run,,3014,9.78,114,false,Dyad,activities/2164041685.gpx
2175886507,"Feb 26, 2019, 4:10:16 AM",Evening Run,Run,,3105,10.02,111,false,Dyad,activities/2175886507.gpx
2180661867,"Feb 28, 2019, 12:25:46 AM",Afternoon Run,Run,,3732,11.16,169,false,Dyad,activities/2180661867.gpx
2184229303,"Mar 1, 2019, 6:18:58 PM",Morning Run,Run,,2620,7.53,43,false,Dyad,activities/2184229303.gpx
2191915612,"Mar 5, 2019, 4:02:09 AM",Evening Run,Run,,2929,9.98,108,false,Dyad,activities/2191915612.gpx
2196358319,"Mar 7, 2019, 4:06:27 AM",Evening Run,Run,,2993,9.91,93,false,Dyad,activities/2196358319.gpx
2200437261,"Mar 9, 2019, 4:29:21 AM",Evening Run,Run,,4082,13.03,89,false,Dyad,activities/2200437261.gpx
2207411756,"Mar 11, 2019, 11:05:22 PM",Afternoon Run,Run,,4085,12.35,144,false,Dyad,activities/2207411756.gpx
2212116866,"Mar 14, 2019, 4:05:39 AM",Night Run,Run,,3530,11.34,150,false,Dyad,activities/2212116866.gpx
2215640325,"Mar 15, 2019, 8:15:10 PM",Afternoon Run,Run,,4594,12.92,158,false,Dyad,activities/2215640325.gpx
2223204234,"Mar 18, 2019, 8:55:29 PM",Afternoon Run,Run,,4466,12.93,127,false,Dyad,activities/2223204234.gpx
2228048177,"Mar 20, 2019, 8:23:52 PM",Afternoon Run,Run,,4023,12.93,118,false,Dyad,activities/2228048177.gpx
2232284847,"Mar 22, 2019, 5:19:10 PM",Morning Run,Run,,4094,13.68,102,false,Dyad,activities/2232284847.gpx
2240342500,"Mar 25, 2019, 6:28:27 PM",Lunch Run,Run,,4059,12.89,130,false,Dyad,activities/2240342500.gpx
2245908650,"Mar 27, 2019, 11:33:27 PM",Afternoon Run,Run,,3611,12.87,140,false,Dyad,activities/2245908650.gpx
2250399228,"Mar 29, 2019, 11:11:28 PM",Afternoon Run,Run,,586,1.97,5,false,Dyad,activities/2250399228.gpx
2275985536,"Apr 8, 2019, 11:15:21 PM",Afternoon Run,Run,,4442,13.19,208,false,Dyad,activities/2275985536.gpx
2283445313,"Apr 12, 2019, 3:34:34 AM",Evening Run,Run,,3802,13.36,172,false,Dyad,activities/2283445313.gpx
2334830424,"May 1, 2019, 9:03:22 PM",Afternoon Ride,Ride,,1039,4.58,16,false,,activities/2334830424.gpx
2337373592,"May 2, 2019, 10:25:02 PM",Afternoon Ride,Ride,,1967,10.21,51,false,,activities/2337373592.gpx
2341978563,"May 4, 2019, 6:06:26 PM",Lunch Ride,Ride,,5455,21.18,83,false,,activities/2341978563.gpx
2431697957,"Jun 7, 2019, 9:02:04 PM",Afternoon Run,Run,,1881,5.08,72,false,Dyad,activities/2431697957.gpx
2455397927,"Jun 16, 2019, 3:38:52 PM",Morning Run,Run,,1589,5.64,64,false,Dyad,activities/2455397927.gpx
2462053447,"Jun 19, 2019, 3:36:41 AM",Evening Run,Run,"",1209,4.22,35,false,TG4,activities/2462053447.gpx
2469761575,"Jun 22, 2019, 4:02:18 AM",Night Run,Run,,1426,4.89,29,false,Dyad,activities/2469761575.gpx
2478304189,"Jun 25, 2019, 3:51:57 AM",Evening Run,Run,,2016,7.19,83,false,Dyad,activities/2478304189.gpx
2483846250,"Jun 27, 2019, 4:15:39 AM",Night Run,Run,,2488,8.25,80,false,Dyad,activities/2483846250.gpx
2488270183,"Jun 28, 2019, 10:17:03 PM",Afternoon Run,Run,,251,1.19,7,false,Dyad,activities/2488270183.gpx
2492672941,"Jun 30, 2019, 3:05:45 PM",Morning Run,Run,,1739,5.65,46,false,Dyad,activities/2492672941.gpx
2499197197,"Jul 2, 2019, 9:07:05 PM",Afternoon Run,Run,,2250,6.89,67,false,Dyad,activities/2499197197.gpx
2502521616,"Jul 4, 2019, 3:46:04 AM",Evening Run,Run,,2247,7.77,70,false,Dyad,activities/2502521616.gpx
2518902508,"Jul 9, 2019, 9:40:33 PM",Afternoon Run,Run,,1969,6.16,42,false,Dyad,activities/2518902508.gpx
2526837503,"Jul 12, 2019, 10:28:16 PM",Afternoon Run,Run,,2183,6.89,64,false,Dyad,activities/2526837503.gpx
2533126435,"Jul 15, 2019, 3:00:16 AM",Evening Run,Run,,371,1.40,2,false,Dyad,activities/2533126435.gpx
2535455141,"Jul 15, 2019, 3:10:30 AM",Evening Ride,Ride,,12478,4.00,5,false,,activities/2535455141.gpx
2535455849,"Jul 15, 2019, 11:13:43 PM",Afternoon Run,Run,,1549,4.64,46,false,Dyad,activities/2535455849.gpx
2538496002,"Jul 16, 2019, 11:32:23 PM",Afternoon Run,Run,,1609,5.82,44,false,Dyad,activities/2538496002.gpx
2551754822,"Jul 21, 2019, 5:27:30 PM",Morning Run,Run,,2233,7.71,61,false,Dyad,activities/2551754822.gpx
2554988772,"Jul 22, 2019, 11:57:08 PM",Afternoon Run,Run,,1263,4.36,39,false,Dyad,activities/2554988772.gpx
2556780318,"Jul 23, 2019, 4:22:00 PM",Morning Run,Run,,2167,7.32,50,false,Dyad,activities/2556780318.gpx
2560668978,"Jul 24, 2019, 11:19:22 PM",Afternoon Run,Run,,1541,5.62,41,false,Dyad,activities/2560668978.gpx
2563744681,"Jul 26, 2019, 4:59:33 AM",Night Run,Run,,1644,5.83,31,false,Dyad,activities/2563744681.gpx
2568015878,"Jul 27, 2019, 5:54:29 PM",Morning Run,Run,,1725,5.43,35,false,Dyad,activities/2568015878.gpx
2574550051,"Jul 30, 2019, 4:05:17 AM",Night Run,Run,,2132,7.44,41,false,Dyad,activities/2574550051.gpx
2581703595,"Aug 1, 2019, 2:58:57 PM",Morning Run,Run,,3067,10.00,80,false,Dyad,activities/2581703595.gpx
2587110353,"Aug 3, 2019, 2:25:05 PM",Morning Run,Run,,2458,7.53,53,false,Dyad,activities/2587110353.gpx
2603070173,"Aug 8, 2019, 11:39:52 PM",Evening Run,Run,,1744,5.88,44,false,Dyad,activities/2603070173.gpx
2605466864,"Aug 9, 2019, 11:51:51 PM",Evening Run,Run,,1831,6.11,29,false,Dyad,activities/2605466864.gpx
2607312124,"Aug 10, 2019, 3:29:12 PM",Lunch Run,Run,,1957,6.95,37,false,Dyad,activities/2607312124.gpx
2609939145,"Aug 11, 2019, 1:15:50 PM",Morning Run,Run,,2593,7.97,42,false,Dyad,activities/2609939145.gpx
2622090856,"Aug 15, 2019, 6:12:46 PM",Afternoon Run,Run,,2375,8.14,50,false,Dyad,activities/2622090856.gpx
2631544612,"Aug 19, 2019, 3:45:33 AM",Evening Run,Run,,1645,5.48,34,false,Dyad,activities/2631544612.gpx
2636724401,"Aug 20, 2019, 9:17:16 PM",Afternoon Run,Run,,3624,11.19,109,false,Dyad,activities/2636724401.gpx
2641563333,"Aug 22, 2019, 2:52:51 PM",Morning Run,Run,,2873,5.17,38,false,Dyad,activities/2641563333.gpx
2641563352,"Aug 22, 2019, 3:23:04 AM",Evening Run,Run,,1547,4.92,20,false,Dyad,activities/2641563352.gpx
2653321322,"Aug 26, 2019, 2:51:53 PM",Morning Run,Run,,790,2.63,8,false,Dyad,activities/2653321322.gpx
2654772665,"Aug 27, 2019, 3:36:54 AM",Evening Run,Run,,1730,5.84,,false,Dyad,activities/2654772665.gpx
2657840220,"Aug 28, 2019, 3:15:28 AM",Evening Run,Run,,1632,5.69,35,false,Dyad,activities/2657840220.gpx
2659245065,"Aug 28, 2019, 3:29:39 PM",Morning Run,Run,,1788,6.03,29,false,Dyad,activities/2659245065.gpx
2662110054,"Aug 29, 2019, 3:33:04 PM",Morning Run,Run,,1866,6.15,38,false,Dyad,activities/2662110054.gpx
2666034645,"Aug 31, 2019, 2:38:10 AM",Evening Run,Run,,1659,5.71,38,false,Dyad,activities/2666034645.gpx
2672370458,"Sep 2, 2019, 4:43:27 AM",Night Run,Run,,1764,6.09,14,false,Dyad,activities/2672370458.gpx
2675038255,"Sep 3, 2019, 3:05:01 AM",Evening Run,Run,,1608,5.65,36,false,Dyad,activities/2675038255.gpx
2676374997,"Sep 3, 2019, 3:02:56 PM",Morning Run,Run,,2286,5.24,38,false,Dyad,activities/2676374997.gpx
2677274418,"Sep 3, 2019, 7:15:19 PM",Lunch Run,Run,,1785,4.96,33,false,Dyad,activities/2677274418.gpx
2683804999,"Sep 6, 2019, 4:08:51 AM",Night Run,Run,,1509,5.12,21,false,Dyad,activities/2683804999.gpx
2689249580,"Sep 8, 2019, 4:16:58 AM",Night Run,Run,,2127,7.40,34,false,Dyad,activities/2689249580.gpx
2692557964,"Sep 9, 2019, 3:53:57 AM",Evening Run,Run,,1697,5.72,23,false,Dyad,activities/2692557964.gpx
2695078826,"Sep 10, 2019, 2:50:46 AM",Evening Run,Run,,2238,7.85,65,false,Dyad,activities/2695078826.gpx
2697479185,"Sep 10, 2019, 8:16:51 PM",Afternoon Run,Run,,3453,11.15,78,false,Dyad,activities/2697479185.gpx
2701033799,"Sep 12, 2019, 4:18:39 AM",Night Run,Run,"",1648,5.42,24,false,12,activities/2701033799.gpx
2703837669,"Sep 13, 2019, 3:48:16 AM",Evening Run,Run,"",3111,10.39,69,false,12,activities/2703837669.gpx
2713625947,"Sep 16, 2019, 12:47:44 PM",Morning Run,Run,"",1531,4.55,20,false,12,activities/2713625947.gpx
2716056140,"Sep 17, 2019, 10:25:40 AM",Morning Run,Run,"",2318,7.45,,false,12,activities/2716056140.gpx
2719112115,"Sep 18, 2019, 10:55:01 AM",Morning Run,Run,"",1834,6.23,,false,12,activities/2719112115.gpx
2723557725,"Sep 19, 2019, 9:30:25 PM",Afternoon Run,Run,"",2392,7.39,,false,12,activities/2723557725.gpx
2724617874,"Sep 20, 2019, 10:38:42 AM",Morning Run,Run,"",1740,6.03,,false,12,activities/2724617874.gpx
2729481805,"Sep 22, 2019, 3:47:28 AM",Evening Run,Run,"",1479,5.39,43,false,12,activities/2729481805.gpx
2735016890,"Sep 24, 2019, 3:16:45 AM",Evening Run,Run,"",2367,7.74,44,false,12,activities/2735016890.gpx
2737802943,"Sep 25, 2019, 3:37:09 AM",Evening Run,Run,"",2302,7.66,42,false,12,activities/2737802943.gpx
2748037780,"Sep 29, 2019, 2:23:38 AM",Evening Run,Run,"",3572,10.75,73,false,12,activities/2748037780.gpx
2751045375,"Sep 30, 2019, 3:46:52 AM",Evening Run,Run,"",1066,4.29,30,false,12,activities/2751045375.gpx
